,demand
3244,0.13333333333333333
3475,0.39166666666666666
3034,0.4
2750,0.15
911,0.2
598,0.8
3427,0.5333333333333333
2103,0.25833333333333336
2277,0.18333333333333335
2251,0.19999999999999998
2620,0.8
1412,0.016666666666666666
2240,0.48333333333333334
3310,0.7166666666666667
538,0.39166666666666666
80,0.6333333333333333
1729,0.3166666666666667
426,0.008333333333333333
1850,0.45
93,0.55
351,0.6666666666666666
1258,0.4416666666666667
2968,0.44166666666666665
1745,0.6666666666666667
1873,0.725
2767,0.7666666666666666
3085,0.03333333333333333
2877,0.6166666666666667
3758,0.8
2229,0.5666666666666667
298,0.8083333333333333
3423,0.30833333333333335
3507,0.30000000000000004
4224,0.07500000000000001
1022,0.3833333333333333
897,0.22499999999999998
2636,0.8083333333333333
3363,0.025
2547,0.1
731,0.3416666666666666
3434,0.4
720,0.45
1183,0.8250000000000001
3299,0.275
783,0.31666666666666665
2374,0.03333333333333333
1281,0.30833333333333335
2483,0.8
1522,0.775
3430,0.3666666666666667
3918,0.42499999999999993
1784,0.4
2969,0.8666666666666667
3204,0.4583333333333333
555,0.5666666666666667
3519,0.6500000000000001
3210,0.6
3391,0.5416666666666667
4143,0.7250000000000001
3768,0.31666666666666665
2934,0.8250000000000001
3920,0.6333333333333333
3492,0.21666666666666667
1775,0.025
69,0.43333333333333335
589,0.30000000000000004
889,0.25
3048,0.15000000000000002
3883,0.5333333333333334
1543,0.6416666666666666
332,0.3583333333333333
561,0.8666666666666667
239,0.48333333333333334
3705,0.625
1457,0.8083333333333333
2095,0.30833333333333335
2752,0.6583333333333333
3812,0.6
3808,0.041666666666666664
3638,0.04166666666666667
643,0.49166666666666664
1391,0.175
1657,0.2833333333333334
2939,0.6333333333333334
3646,0.41666666666666663
2478,0.03333333333333333
1983,0.3333333333333333
3930,0.6
3994,0.45833333333333337
4040,0.5583333333333333
14,0.09166666666666666
1941,0.95
3980,0.7333333333333334
705,0.5499999999999999
360,0.425
4006,0.8833333333333333
4130,0.25833333333333336
3237,0.21666666666666667
2732,0.4
4126,0.575
3309,0.30833333333333335
2011,0.525
3530,0.44166666666666665
490,0.5
1859,0.41666666666666663
1572,0.05
1056,0.5333333333333333
4043,0.06666666666666667
1691,0.6916666666666667
3670,0.325
2843,0.18333333333333332
2344,0.4083333333333333
506,0.5916666666666667
393,0.7583333333333334
4234,0.5166666666666666
3982,0.6416666666666666
3797,0.475
3860,0.5416666666666666
2416,0.7083333333333334
2227,0.32500000000000007
2884,0.6333333333333333
2468,0.19166666666666668
3622,0.2916666666666667
1001,0.05
4321,0.23333333333333334
1263,0.45833333333333337
2586,0.875
433,0.6333333333333333
4257,0.22499999999999998
1108,0.3416666666666667
2596,0.008333333333333333
888,0.6833333333333333
1344,0.016666666666666666
4304,0.6083333333333334
2226,0.5583333333333333
3652,0.7250000000000001
2567,0.05
2727,0.8583333333333333
3902,0.4666666666666667
1675,0.025
4244,0.7833333333333333
1149,0.6499999999999999
2191,0.75
3531,0.33333333333333337
744,0.6583333333333333
2927,0.058333333333333334
3291,0.7916666666666666
330,0.24166666666666667
3978,0.575
1738,0.7083333333333334
2807,0.7249999999999999
4217,0.575
949,0.8666666666666667
2196,0.25833333333333336
1432,0.6583333333333333
1090,0.7166666666666666
2144,0.26666666666666666
2096,0.3
2886,0.45833333333333337
32,0.14166666666666666
1498,0.8
1808,0.03333333333333333
2053,0.24166666666666667
1483,0.7833333333333333
798,0.875
670,0.21666666666666667
811,0.525
893,0.29166666666666663
4285,0.6666666666666666
2658,0.025
229,0.8666666666666667
1752,0.8166666666666667
3933,0.26666666666666666
408,0.3833333333333333
170,0.75
1702,0.43333333333333335
1398,0.7583333333333333
2992,0.3666666666666667
3849,0.5333333333333333
1632,0.2
776,0.6499999999999999
3256,0.5583333333333333
3041,0.9000000000000001
2943,0.025
3979,0.7166666666666667
2381,0.7
3876,0.6083333333333334
2610,0.48333333333333334
1356,0.6916666666666667
43,0.7916666666666666
764,0.6666666666666666
3679,0.18333333333333335
3601,0.6083333333333333
1068,0.2
3252,0.26666666666666666
4055,0.8166666666666667
1714,0.7833333333333333
857,0.5166666666666667
251,0.6749999999999999
2615,0.7000000000000001
3337,0.25
829,0.825
1411,0.016666666666666666
856,0.9083333333333333
668,0.16666666666666669
1723,0.7083333333333333
325,0.8666666666666666
1444,0.4916666666666667
2707,0.675
2517,0.6916666666666667
4172,0.008333333333333333
787,0.775
3929,0.20833333333333331
620,0.22500000000000003
1741,0.38333333333333336
3196,0.10833333333333334
2496,0.03333333333333333
881,0.23333333333333334
4077,0.13333333333333333
2357,0.5666666666666667
1454,0.4083333333333333
99,0.8
3253,0.1
1988,0.058333333333333334
4127,0.125
1926,0.03333333333333333
2316,0.8666666666666667
1260,0.725
657,0.775
495,0.5916666666666667
1429,0.24166666666666667
802,0.03333333333333333
1123,0.38333333333333336
1162,0.24166666666666667
3213,0.8083333333333333
501,0.008333333333333333
4282,0.475
2754,0.7833333333333333
2083,0.15833333333333333
759,0.7
605,0.8583333333333333
2614,0.18333333333333332
1602,0.8833333333333334
1918,0.4416666666666667
1919,0.7833333333333332
1832,0.016666666666666666
1117,0.425
1071,0.7
3207,0.6333333333333333
174,0.8583333333333334
800,0.24166666666666667
217,0.22499999999999998
3720,0.3833333333333333
3926,0.35
3655,0.4916666666666667
567,0.7
3714,0.16666666666666666
1437,0.6833333333333333
2236,0.6166666666666666
794,0.5833333333333334
3687,0.26666666666666666
1606,0.8250000000000001
3161,0.525
2460,0.7083333333333333
2458,0.825
1550,0.4083333333333333
1835,0.6916666666666667
618,0.75
576,0.38333333333333336
1829,0.5
650,0.08333333333333333
3641,0.7500000000000001
156,0.8083333333333333
3751,0.5666666666666667
2457,0.8
2439,0.725
1293,0.4166666666666667
1641,0.7000000000000001
293,0.7833333333333333
95,0.6083333333333333
1235,0.25833333333333336
240,0.5666666666666667
1146,0.6083333333333334
2531,0.058333333333333334
1417,0.7916666666666667
2484,0.31666666666666665
803,0.5916666666666667
4053,0.016666666666666666
2299,0.025
2301,0.6416666666666667
3513,0.5333333333333333
4211,0.5416666666666667
465,0.4833333333333333
3837,0.4916666666666667
2722,0.5916666666666667
1621,0.36666666666666664
2741,0.41666666666666663
812,0.875
29,0.125
4348,0.725
1822,0.09166666666666667
1345,0.8500000000000001
1482,0.4916666666666667
177,0.6583333333333333
2359,0.22499999999999998
1760,0.3666666666666667
1556,0.35833333333333334
4249,0.21666666666666667
1966,0.03333333333333333
2486,0.6416666666666666
3432,0.13333333333333336
2168,0.525
73,0.575
445,0.675
1338,0.6166666666666667
1057,0.6
4246,0.13333333333333333
877,0.7583333333333333
30,0.30000000000000004
1104,0.6833333333333333
4099,0.325
3011,0.5916666666666667
52,0.24166666666666667
402,0.025
2459,0.5833333333333333
436,0.7583333333333333
1330,0.725
3738,0.19166666666666665
3263,0.6749999999999999
564,0.016666666666666666
4011,0.19166666666666668
3774,0.15
2092,0.8
26,0.6416666666666666
1370,0.025
4228,0.24166666666666667
214,0.7083333333333334
450,0.8166666666666667
4171,0.18333333333333332
3713,0.4833333333333333
1747,0.2583333333333333
2501,0.43333333333333335
3820,0.058333333333333334
2325,0.06666666666666667
2587,0.31666666666666665
1739,0.016666666666666666
321,0.5750000000000001
3866,0.4333333333333333
3470,0.5666666666666667
655,0.5833333333333334
4279,0.65
2970,0.31666666666666665
2936,0.3333333333333333
2185,0.125
1476,0.8333333333333334
1393,0.4166666666666667
527,0.775
2932,0.008333333333333333
122,0.49166666666666664
3341,0.5916666666666667
1334,0.9
44,0.15
289,0.775
1051,0.44166666666666665
1793,0.5666666666666667
2902,0.7916666666666667
2256,0.08333333333333333
354,0.016666666666666666
1659,0.6666666666666667
3644,0.7666666666666666
1503,0.6749999999999999
1590,0.7833333333333333
1952,0.225
3340,0.19999999999999998
3953,0.6416666666666666
534,0.24166666666666664
2684,0.10833333333333334
4340,0.19999999999999998
4058,0.475
1186,0.8916666666666667
1216,0.3666666666666667
256,0.21666666666666667
4038,0.4166666666666667
1187,0.5916666666666667
2005,0.3666666666666667
1765,0.125
647,0.33333333333333337
1779,0.85
2323,0.2833333333333333
2817,0.6666666666666667
1114,0.4416666666666667
3864,0.3666666666666667
2860,0.42500000000000004
291,0.75
1907,0.825
1159,0.3333333333333333
3412,0.5583333333333333
1025,0.7750000000000001
1451,0.18333333333333335
1746,0.8
2755,0.3583333333333333
3297,0.15
263,0.7833333333333334
1769,0.875
1113,0.9166666666666666
4239,0.6333333333333333
3586,0.6166666666666667
733,0.24166666666666667
56,0.26666666666666666
1213,0.55
3828,0.7
1536,0.8
2183,0.09166666666666667
680,0.20833333333333331
1157,0.6499999999999999
203,0.4916666666666667
3223,0.5833333333333334
1044,0.25833333333333336
1593,0.20833333333333331
809,0.8916666666666667
1643,0.6666666666666667
3367,0.016666666666666666
682,0.9166666666666667
2178,0.6
2525,0.7333333333333334
3296,0.8333333333333334
3010,0.5
113,0.875
2164,0.3416666666666667
3273,0.1
4101,0.37500000000000006
1189,0.025
12,0.24166666666666667
1936,0.8
1034,0.4916666666666666
322,0.31666666666666665
805,0.7583333333333333
2481,0.7333333333333333
915,0.8666666666666667
1041,0.575
1084,0.016666666666666666
736,0.04166666666666667
4106,0.15833333333333333
4237,0.11666666666666667
2949,0.6833333333333332
1242,0.7166666666666666
2879,0.8666666666666667
3576,0.5583333333333333
3999,0.48333333333333334
1499,0.21666666666666667
2014,0.7999999999999999
1161,0.8833333333333333
3422,0.5333333333333333
2583,0.7250000000000001
969,0.6416666666666666
4173,0.24166666666666664
4161,0.625
690,0.24166666666666667
3328,0.15
3707,0.21666666666666665
4042,0.075
1292,0.8416666666666667
3989,0.5083333333333333
3975,0.6749999999999999
1554,0.8750000000000001
1309,0.24166666666666667
2655,0.4833333333333333
416,0.225
3805,0.6416666666666667
3624,0.4666666666666667
227,0.05
1627,0.6416666666666666
2276,0.55
3947,0.5666666666666667
4251,0.43333333333333335
1477,0.525
2772,0.3833333333333333
2186,0.8583333333333334
2221,0.175
665,0.6083333333333334
2981,0.8583333333333333
2022,0.058333333333333334
3433,0.5916666666666667
1491,0.29166666666666663
3689,0.04166666666666667
4232,0.6000000000000001
4048,0.375
183,0.475
4175,0.14166666666666666
3349,0.7833333333333333
486,0.625
1611,0.22499999999999998
4226,0.25833333333333336
1188,0.8333333333333334
2292,0.30833333333333335
139,0.33333333333333337
1047,0.008333333333333333
2420,0.5
1620,0.6166666666666667
266,0.05
2940,0.4083333333333333
2509,0.8416666666666667
3716,0.9166666666666666
63,0.4083333333333334
1173,0.05
2589,0.41666666666666663
2476,0.23333333333333334
2654,0.075
2098,0.10833333333333334
2279,0.39166666666666666
2045,0.7666666666666666
3913,0.675
1434,0.5833333333333334
3779,0.15
1222,0.008333333333333333
2978,0.7916666666666666
1882,0.4666666666666667
3471,0.8583333333333334
1860,0.6333333333333333
103,0.675
1697,0.4083333333333333
2329,0.825
4144,0.35833333333333334
1288,0.08333333333333334
508,0.24166666666666667
1426,0.35
4272,0.6083333333333333
865,0.18333333333333335
2442,0.7166666666666667
4288,0.7416666666666667
1278,0.375
1749,0.225
279,0.20833333333333331
1181,0.4833333333333333
3737,0.21666666666666665
3575,0.675
1807,0.45
1778,0.5833333333333333
358,0.2916666666666667
3279,0.5666666666666667
299,0.5916666666666667
1427,0.7083333333333334
2548,0.1
1615,0.41666666666666663
1130,0.775
1728,0.6583333333333333
761,0.5916666666666667
2964,0.24166666666666667
1003,0.8583333333333334
415,0.5166666666666667
353,0.35833333333333334
2284,0.39166666666666666
1940,0.9000000000000001
1231,0.03333333333333333
2233,0.016666666666666666
3699,0.3416666666666667
1207,0.475
1158,0.6416666666666667
2876,0.7416666666666667
3537,0.025
908,0.7
2740,0.5666666666666667
2254,0.5916666666666666
3549,0.425
3688,0.10833333333333334
3078,0.625
2623,0.025
2977,0.725
108,0.4666666666666667
912,0.3
1545,0.5583333333333333
3603,0.5166666666666666
3435,0.7416666666666667
58,0.09166666666666667
76,0.4916666666666667
3489,0.15833333333333333
368,0.5
1272,0.016666666666666666
785,0.6083333333333334
3331,0.575
2650,0.008333333333333333
2208,0.3
2407,0.6166666666666667
2552,0.38333333333333336
2997,0.4
4258,0.6583333333333333
4141,0.5333333333333333
3449,0.5583333333333333
3339,0.23333333333333334
1094,0.35833333333333334
1780,0.8333333333333334
4260,0.41666666666666663
910,0.05
124,0.7166666666666668
2698,0.225
4023,0.6666666666666667
2649,0.5916666666666667
2639,0.8416666666666667
1551,0.6749999999999999
442,0.2583333333333333
1507,0.20833333333333331
2447,0.5666666666666667
2328,0.8250000000000001
1374,0.5916666666666666
324,0.13333333333333333
3132,0.6083333333333334
3885,0.7000000000000001
2004,0.15
3839,0.19999999999999998
2298,0.32499999999999996
1006,0.25833333333333336
2676,0.8666666666666667
1175,0.49999999999999994
2031,0.025
2069,0.575
6,0.3416666666666667
932,0.7749999999999999
439,0.875
2903,0.5166666666666666
1479,0.4916666666666667
3960,0.4666666666666667
1880,0.8166666666666667
2550,0.275
3802,0.6166666666666667
194,0.31666666666666665
2533,0.625
2937,0.15
3426,0.4
1419,0.5583333333333333
1225,0.6916666666666667
1413,0.025
1786,0.7583333333333333
222,0.7916666666666666
2669,0.5166666666666666
573,0.625
3431,0.4
2174,0.4083333333333333
418,0.6083333333333334
1192,0.8166666666666667
257,0.16666666666666666
295,0.825
2390,0.225
1455,0.6166666666666666
3456,0.025
2387,0.175
3534,0.5416666666666666
712,0.5166666666666666
1539,0.7916666666666666
1253,0.325
2990,0.6916666666666667
449,0.8333333333333335
3611,0.6083333333333334
1867,0.8416666666666667
958,0.6833333333333333
3694,0.19166666666666665
654,0.016666666666666666
1178,0.5583333333333333
3382,0.8666666666666667
411,0.8666666666666666
1532,0.23333333333333334
4009,0.8833333333333334
4196,0.825
4163,0.5916666666666667
3137,0.4
3827,0.21666666666666667
2718,0.5833333333333333
430,0.31666666666666665
2215,0.5916666666666667
1176,0.7583333333333333
2664,0.3583333333333333
2179,0.45
1717,0.2916666666666667
102,0.5416666666666667
4250,0.06666666666666667
1874,0.8500000000000001
3235,0.425
2602,0.7666666666666666
2592,0.35833333333333334
1578,0.6166666666666667
1270,0.7
3450,0.33333333333333337
4017,0.7000000000000001
2131,0.8583333333333334
1869,0.18333333333333332
1064,0.9166666666666666
2633,0.8666666666666667
818,0.20833333333333331
1237,0.19166666666666665
2364,0.5416666666666667
816,0.24166666666666667
3364,0.8416666666666667
3333,0.35000000000000003
1504,0.42500000000000004
2666,0.65
2372,0.725
3379,0.03333333333333333
2812,0.6166666666666667
864,0.6
2515,0.058333333333333334
3084,0.26666666666666666
554,0.7333333333333334
2801,0.016666666666666666
3388,0.725
1582,0.016666666666666666
2819,0.10833333333333334
3708,0.3916666666666667
748,0.025
1992,0.7583333333333333
866,0.7000000000000001
752,0.5833333333333334
3795,0.48333333333333334
3000,0.36666666666666664
1672,0.65
2245,0.5
729,0.24166666666666667
2067,0.2
1727,0.6083333333333334
1909,0.8833333333333334
1407,0.5416666666666666
1110,0.2833333333333333
3178,0.025
346,0.18333333333333335
3032,0.45
4032,0.725
578,0.2833333333333333
3801,0.55
4084,0.6666666666666667
2422,0.6583333333333334
2093,0.07500000000000001
3311,0.5
178,0.48333333333333334
3692,0.7166666666666667
1261,0.8416666666666667
1815,0.5416666666666667
1588,0.7083333333333334
604,0.425
1788,0.7416666666666667
25,0.4166666666666667
658,0.06666666666666667
2519,0.29166666666666663
4201,0.30833333333333335
173,0.825
3536,0.3416666666666667
331,0.825
342,0.775
1831,0.4666666666666667
1088,0.8500000000000001
479,0.05
727,0.45833333333333337
3501,0.016666666666666666
976,0.23333333333333334
3265,0.31666666666666665
3500,0.3
1720,0.5499999999999999
2252,0.7833333333333333
2699,0.7999999999999999
2310,0.8
1378,0.25
3135,0.07500000000000001
1395,0.5000000000000001
3888,0.4083333333333333
2775,0.375
4186,0.008333333333333333
2417,0.1
3973,0.7583333333333333
4204,0.49166666666666664
2148,0.7
67,0.23333333333333334
2989,0.3416666666666667
221,0.008333333333333333
3248,0.45
2929,0.6666666666666666
3203,0.4666666666666667
88,0.25000000000000006
3606,0.45
4319,0.5166666666666667
3368,0.3333333333333333
1315,0.5916666666666667
3352,0.575
1896,0.4916666666666667
1392,0.9083333333333333
3841,0.5416666666666666
2545,0.2833333333333333
1864,0.7833333333333333
397,0.058333333333333334
2498,0.03333333333333333
1295,0.18333333333333335
3539,0.16666666666666666
2099,0.4666666666666667
1565,0.3
1096,0.775
1938,0.8083333333333333
4322,0.23333333333333334
979,0.4083333333333333
283,0.06666666666666667
2024,0.6666666666666667
3026,0.18333333333333332
4124,0.43333333333333335
2465,0.26666666666666666
613,0.24166666666666667
3106,0.35833333333333334
1497,0.31666666666666665
1840,0.325
423,0.5333333333333333
3460,0.5916666666666666
1488,0.375
3948,0.19999999999999998
839,0.025
500,0.15833333333333333
3850,0.44166666666666665
3193,0.2833333333333333
549,0.21666666666666667
557,0.5499999999999999
4176,0.025
2213,0.48333333333333334
218,0.9416666666666667
3232,0.125
1138,0.375
209,0.8083333333333333
2631,0.5083333333333333
1830,0.5083333333333333
2269,0.425
4148,0.7
2345,0.85
948,0.8166666666666667
1421,0.3333333333333333
532,0.6166666666666667
4007,0.3
2463,0.6583333333333333
1803,0.65
1670,0.13333333333333333
2644,0.8083333333333333
639,0.3333333333333333
4203,0.6499999999999999
4263,0.23333333333333334
0,0.21666666666666667
1552,0.6916666666666667
4266,0.075
4225,0.33333333333333337
3819,0.075
1302,0.125
247,0.625
2840,0.7833333333333333
3166,0.008333333333333333
1694,0.6583333333333333
2770,0.7000000000000001
2704,0.6166666666666667
3292,0.85
1448,0.75
3623,0.4666666666666667
2337,0.275
2319,0.35
2628,0.7166666666666667
1610,0.5
2347,0.4083333333333333
2678,0.025
278,0.7333333333333333
952,0.25
4245,0.47500000000000003
3163,0.48333333333333334
2528,0.43333333333333335
3441,0.23333333333333334
2926,0.125
3770,0.7833333333333333
4098,0.15000000000000002
2794,0.12499999999999999
3870,0.7583333333333333
155,0.35
2172,0.8083333333333333
985,0.7083333333333333
2281,0.225
2721,0.15833333333333333
2104,0.35833333333333334
1967,0.6833333333333332
3318,0.016666666666666666
1937,0.06666666666666667
3200,0.025
3142,0.7750000000000001
1589,0.4416666666666667
2918,0.5333333333333333
3800,0.32499999999999996
700,0.025
2527,0.5416666666666666
644,0.7
1721,0.19166666666666665
929,0.6166666666666667
3580,0.6583333333333333
2572,0.008333333333333333
3153,0.25
246,0.24166666666666667
2228,0.016666666666666666
923,0.016666666666666666
4312,0.30000000000000004
1185,0.7500000000000001
3992,0.3916666666666666
669,0.2333333333333333
2080,0.9
1586,0.24166666666666664
2258,0.4916666666666667
4222,0.5583333333333333
2828,0.4166666666666667
2267,0.27499999999999997
648,0.49166666666666664
543,0.625
1814,0.4083333333333333
1438,0.55
2813,0.49166666666666664
259,0.24166666666666667
2663,0.3
2996,0.6
927,0.4583333333333333
612,0.6416666666666666
1023,0.5166666666666666
1474,0.2833333333333333
1152,0.23333333333333334
219,0.7416666666666667
3621,0.30833333333333335
485,0.008333333333333333
3083,0.08333333333333333
1698,0.8
258,0.08333333333333333
3633,0.36666666666666664
386,0.45833333333333337
847,0.35000000000000003
3995,0.48333333333333334
2974,0.3583333333333333
2702,0.825
3319,0.7333333333333334
3130,0.8416666666666668
3315,0.5
1233,0.225
1665,0.4583333333333333
3844,0.025
3402,0.7
3928,0.20833333333333331
3103,0.5083333333333333
1095,0.5416666666666666
3380,0.4
1897,0.03333333333333333
1320,0.25833333333333336
1566,0.7416666666666667
507,0.4916666666666667
7,0.8500000000000001
3532,0.16666666666666666
2358,0.16666666666666666
2488,0.26666666666666666
2415,0.7750000000000001
3608,0.5333333333333333
1456,0.2583333333333333
378,0.33333333333333337
3225,0.05
678,0.6666666666666666
4003,0.23333333333333334
1623,0.26666666666666666
1011,0.6166666666666667
3734,0.5083333333333333
2195,0.425
3176,0.39166666666666666
65,0.7333333333333334
1995,0.375
3547,0.5583333333333333
3543,0.058333333333333334
2351,0.44166666666666665
679,0.43333333333333335
2873,0.05
781,0.13333333333333333
4116,0.16666666666666666
627,0.5416666666666667
1842,0.5416666666666666
2512,0.24166666666666667
1878,0.7083333333333334
2759,0.8500000000000001
2487,0.008333333333333333
883,0.08333333333333334
1091,0.8
382,0.125
2370,0.008333333333333333
3290,0.49166666666666664
4091,0.5666666666666667
2823,0.30833333333333335
31,0.7833333333333333
4112,0.5916666666666667
2059,0.10833333333333334
4095,0.49166666666666664
610,0.2833333333333333
570,0.5333333333333333
2293,0.5666666666666667
343,0.06666666666666667
2805,0.7666666666666666
2480,0.016666666666666666
2377,0.3416666666666667
3514,0.29166666666666663
3778,0.24999999999999997
2887,0.7416666666666667
2606,0.44166666666666665
1730,0.425
1777,0.058333333333333334
1135,0.03333333333333333
2526,0.42499999999999993
1461,0.016666666666666666
841,0.22499999999999998
2915,0.25
1558,0.4583333333333333
965,0.11666666666666667
528,0.9
176,0.025
422,0.8416666666666667
3416,0.6
3757,0.75
4021,0.2
1377,0.6416666666666666
572,0.7583333333333334
3610,0.15
288,0.06666666666666668
1634,0.7083333333333333
1647,0.7583333333333333
4015,0.6333333333333333
2102,0.6666666666666667
4311,0.75
2432,0.43333333333333335
2598,0.19999999999999998
3013,0.25
2585,0.7666666666666666
1862,0.6416666666666666
2184,0.30833333333333335
383,0.4583333333333333
3587,0.24166666666666667
370,0.5416666666666666
2804,0.21666666666666667
2167,0.2333333333333333
4154,0.7166666666666667
1105,0.15
1871,0.85
3595,0.6666666666666666
3887,0.6666666666666667
1961,0.025
141,0.875
3894,0.41666666666666663
491,0.21666666666666667
1537,0.6666666666666667
198,0.25
2218,0.2
1171,0.24166666666666667
1226,0.7083333333333333
1898,0.875
1422,0.675
3409,0.525
3579,0.6333333333333333
3347,0.008333333333333333
195,0.7333333333333334
3306,0.4666666666666666
874,0.025
3258,0.11666666666666667
3813,0.24166666666666667
1813,0.025
840,0.8666666666666667
581,0.125
3476,0.5666666666666667
4294,0.55
3303,0.8083333333333333
905,0.7
631,0.8916666666666667
2341,0.5083333333333333
1501,0.725
162,0.825
2401,0.09166666666666667
2661,0.13333333333333333
3733,0.125
1740,0.016666666666666666
617,0.43333333333333335
3759,0.20833333333333331
1431,0.7833333333333334
925,0.6833333333333333
3231,0.5083333333333333
547,0.25833333333333336
1743,0.39166666666666666
3088,0.7833333333333333
2392,0.175
1736,0.55
3077,0.21666666666666665
2440,0.39166666666666666
611,0.6333333333333333
1336,0.5166666666666667
3783,0.15
640,0.30833333333333335
4329,0.39166666666666666
2260,0.44166666666666665
3218,0.8416666666666668
742,0.08333333333333334
637,0.05833333333333333
1557,0.775
3174,0.058333333333333334
3139,0.7083333333333333
2259,0.75
1097,0.8250000000000001
2015,0.7
48,0.3416666666666667
2796,0.7666666666666666
1837,0.225
921,0.025
3350,0.65
546,0.225
3334,0.025
756,0.3666666666666667
2776,0.65
2742,0.19166666666666668
3074,0.7583333333333333
3336,0.19166666666666665
2159,0.6416666666666666
2720,0.058333333333333334
1600,0.6666666666666666
3634,0.2
836,0.7416666666666666
2097,0.575
3201,0.18333333333333332
2820,0.016666666666666666
4069,0.44166666666666665
1744,0.8583333333333334
3228,0.5083333333333333
3293,0.575
1070,0.47500000000000003
4183,0.7749999999999999
1954,0.23333333333333334
2309,0.03333333333333333
3115,0.575
4135,0.31666666666666665
3168,0.2916666666666667
3495,0.6916666666666667
3886,0.6333333333333333
1326,0.55
1732,0.5916666666666667
3571,0.8416666666666667
2580,0.5499999999999999
2622,0.6833333333333333
3025,0.75
3362,0.3833333333333333
2078,0.049999999999999996
1921,0.30833333333333335
2881,0.4083333333333333
2399,0.03333333333333333
1373,0.7416666666666667
3681,0.39999999999999997
2753,0.48333333333333334
3148,0.03333333333333333
867,0.7916666666666667
926,0.03333333333333333
2018,0.35833333333333334
997,0.5333333333333334
1337,0.625
3494,0.5833333333333333
1099,0.05
1132,0.16666666666666666
1820,0.5833333333333333
3036,0.6416666666666666
210,0.20833333333333334
3262,0.5166666666666666
2157,0.85
59,0.09166666666666666
1211,0.5166666666666667
2398,0.8333333333333334
3071,0.75
4290,0.1
2677,0.6916666666666667
765,0.5583333333333333
4314,0.5416666666666666
2321,0.45833333333333337
1078,0.9666666666666667
4152,0.6083333333333333
2029,0.15
1538,0.4666666666666667
4047,0.4083333333333333
1945,0.8583333333333333
3439,0.6083333333333334
582,0.4666666666666667
3164,0.5499999999999999
1751,0.016666666666666666
1626,0.875
940,0.20833333333333331
1080,0.5833333333333333
187,0.8
941,0.125
2907,0.6833333333333333
3785,0.6166666666666667
3280,0.058333333333333334
4254,0.24166666666666667
2028,0.2583333333333333
3062,0.475
2225,0.008333333333333333
226,0.16666666666666666
2510,0.15833333333333333
535,0.525
2850,0.625
3726,0.19166666666666665
1404,0.5083333333333333
3226,0.6583333333333333
697,0.25833333333333336
1124,0.6916666666666667
2540,0.15833333333333333
2121,0.7750000000000001
4107,0.25
586,0.7416666666666667
2313,0.6083333333333334
1400,0.35
4287,0.7833333333333333
2384,0.6083333333333334
1037,0.225
208,0.19166666666666665
3008,0.5166666666666666
565,0.6166666666666667
313,0.25833333333333336
601,0.058333333333333334
233,0.43333333333333335
4330,0.725
931,0.7666666666666667
3732,0.25833333333333336
3747,0.5833333333333333
3384,0.8583333333333333
111,0.48333333333333334
3562,0.125
1089,0.19166666666666665
3185,0.5
230,0.7666666666666666
1718,0.075
4162,0.65
2543,0.6499999999999999
472,0.32499999999999996
2119,0.19999999999999998
2429,0.025
3128,0.24166666666666667
2107,0.4
1127,0.45833333333333337
3150,0.33333333333333337
2077,0.5
3481,0.375
1861,0.875
4074,0.025
4347,0.15833333333333333
361,0.31666666666666665
135,0.6666666666666666
1134,0.8583333333333334
2894,0.4583333333333333
1151,0.26666666666666666
2941,0.5416666666666666
3418,0.3666666666666667
2856,0.25833333333333336
1053,0.7916666666666666
3848,0.7333333333333333
22,0.2
2249,0.14166666666666666
1653,0.14166666666666666
1891,0.7083333333333334
2431,0.4916666666666667
695,0.9333333333333333
2123,0.7583333333333333
420,0.08333333333333334
2600,0.008333333333333333
460,0.5416666666666666
1067,0.26666666666666666
87,0.825
3114,0.175
1971,0.5333333333333334
3332,0.8833333333333333
2115,0.7916666666666667
282,0.05
2044,0.8166666666666667
1783,0.19999999999999998
1905,0.9
540,0.025
2320,0.9
2348,0.025
859,0.2916666666666667
533,0.7916666666666667
1368,0.30000000000000004
4215,0.31666666666666665
3682,0.44166666666666665
1924,0.9416666666666668
3609,0.6833333333333333
3671,0.11666666666666667
3250,0.22500000000000003
2266,0.7583333333333333
4316,0.6333333333333333
4273,0.075
3052,0.325
4105,0.625
3091,0.5583333333333333
2715,0.6166666666666667
4295,0.625
1420,0.08333333333333333
1876,0.16666666666666666
1553,0.44166666666666665
942,0.016666666666666666
2609,0.21666666666666667
779,0.8166666666666667
1894,0.9166666666666667
3335,0.5166666666666666
3381,0.49166666666666664
2603,0.5833333333333333
2495,0.5583333333333333
121,0.6333333333333333
887,0.6416666666666667
3289,0.8916666666666667
685,0.20833333333333334
3915,0.7
3755,0.26666666666666666
2110,0.8250000000000001
413,0.6083333333333334
789,0.7583333333333334
3851,0.4083333333333333
2534,0.07500000000000001
3270,0.5833333333333333
4109,0.7749999999999999
3892,0.2
1688,0.5499999999999999
3214,0.3333333333333333
1425,0.09166666666666667
2535,0.025
272,0.4166666666666667
782,0.7
521,0.31666666666666665
522,0.6916666666666667
3578,0.24166666666666667
2287,0.016666666666666666
4089,0.375
2998,0.5083333333333333
350,0.016666666666666666
2117,0.39999999999999997
3650,0.1
3762,0.06666666666666667
3594,0.8250000000000001
3934,0.31666666666666665
1511,0.675
651,0.8666666666666666
3668,0.35
1965,0.575
4151,0.325
4195,0.2833333333333333
1962,0.275
118,0.4666666666666667
2520,0.675
2297,0.42500000000000004
168,0.8666666666666667
2697,0.7333333333333334
1613,0.6833333333333333
835,0.775
1405,0.7083333333333334
2154,0.2583333333333333
962,0.8250000000000001
945,0.5583333333333333
462,0.20833333333333331
2230,0.11666666666666665
328,0.9083333333333334
3468,0.675
2619,0.21666666666666665
3592,0.24166666666666667
2295,0.6083333333333334
1360,0.75
2171,0.5416666666666666
367,0.4916666666666667
4001,0.575
3095,0.6916666666666668
3282,0.5333333333333333
3487,0.44999999999999996
2405,0.6833333333333333
2532,0.7166666666666667
1375,0.5416666666666667
3288,0.4083333333333333
772,0.24166666666666667
1284,0.03333333333333333
4010,0.05
1514,0.5333333333333333
4123,0.5833333333333333
3631,0.7583333333333334
498,0.8500000000000001
1414,0.016666666666666666
1234,0.5
2951,0.19166666666666665
435,0.4
1674,0.016666666666666666
1251,0.4666666666666666
365,0.5333333333333333
3677,0.6666666666666666
276,0.6166666666666667
3057,0.8833333333333334
1923,0.6083333333333334
3437,0.24166666666666664
3076,0.375
1506,0.5416666666666666
407,0.7583333333333333
3941,0.875
1644,0.35833333333333334
2177,0.2833333333333333
1991,0.45
1833,0.6916666666666667
4320,0.6916666666666667
2836,0.08333333333333334
844,0.35833333333333334
3639,0.7666666666666667
2470,0.9416666666666668
86,0.31666666666666665
3548,0.3916666666666666
2369,0.008333333333333333
2450,0.008333333333333333
2155,0.6166666666666667
4056,0.6416666666666667
3657,0.13333333333333333
855,0.5833333333333333
2118,0.5
78,0.5083333333333333
944,0.75
199,0.8583333333333334
3407,0.2583333333333333
3862,0.3583333333333333
801,0.058333333333333334
2784,0.325
3893,0.4166666666666667
2330,0.7083333333333334
2561,0.375
231,0.8333333333333334
1910,0.875
1904,0.24166666666666667
1033,0.9
3181,0.6333333333333333
2574,0.10833333333333332
1583,0.23333333333333334
2605,0.025
2414,0.8500000000000001
2283,0.5166666666666666
424,0.5666666666666667
392,0.5583333333333333
1143,0.5083333333333333
4115,0.4666666666666667
191,0.8
104,0.7166666666666666
3415,0.09166666666666666
3809,0.425
1872,0.22499999999999998
3717,0.6666666666666666
553,0.16666666666666666
3739,0.7833333333333332
2025,0.7583333333333333
1756,0.325
2471,0.35
2579,0.5333333333333333
3846,0.31666666666666665
2057,0.5
1787,0.6833333333333333
3523,0.7083333333333334
1587,0.8583333333333334
2787,0.6416666666666667
1731,0.008333333333333333
3403,0.475
2825,0.025
2821,0.008333333333333333
2800,0.07500000000000001
2042,0.775
2290,0.225
702,0.4916666666666667
2505,0.7249999999999999
2135,0.2
3895,0.2833333333333333
994,0.5166666666666666
464,0.8333333333333333
2034,0.725
2274,0.6416666666666667
3962,0.475
2499,0.5083333333333333
2647,0.20833333333333331
1236,0.22500000000000003
2792,0.36666666666666664
2475,0.19166666666666668
212,0.7666666666666667
1036,0.08333333333333334
4275,0.4833333333333333
900,0.016666666666666666
1446,0.175
1849,0.24166666666666667
3940,0.25833333333333336
2146,0.7083333333333334
660,0.65
1614,0.025
741,0.6416666666666666
4066,0.41666666666666663
3574,0.7
1754,0.23333333333333334
3116,0.475
3900,0.5333333333333333
1206,0.625
509,0.2916666666666667
3298,0.5083333333333333
597,0.7333333333333334
2127,0.049999999999999996
2242,0.25
3659,0.65
981,0.5583333333333333
2090,0.5416666666666666
4075,0.6416666666666666
518,0.725
2023,0.08333333333333334
767,0.08333333333333333
4238,0.8166666666666668
1726,0.525
1651,0.625
3899,0.5833333333333334
3206,0.375
2446,0.8999999999999999
3186,0.5083333333333333
421,0.26666666666666666
123,0.7583333333333333
3184,0.5916666666666667
3626,0.75
1244,0.44166666666666665
819,0.5833333333333333
1403,0.55
1382,0.48333333333333334
100,0.7916666666666667
4071,0.775
1575,0.36666666666666664
1638,0.2
1795,0.6333333333333333
1283,0.008333333333333333
4189,0.5
3511,0.44999999999999996
4044,0.4833333333333333
1103,0.016666666666666666
2138,0.18333333333333332
3396,0.4083333333333333
1517,0.625
3693,0.39999999999999997
2194,0.3666666666666667
1352,0.7083333333333333
2086,0.43333333333333335
3833,0.3
3119,0.31666666666666665
3559,0.3
982,0.25833333333333336
456,0.8083333333333333
2688,0.5083333333333333
4037,0.21666666666666667
1950,0.5916666666666667
4022,0.925
3274,0.4916666666666667
3588,0.3916666666666666
381,0.8666666666666667
641,0.375
2268,0.275
2829,0.8416666666666667
1953,0.175
1490,0.6833333333333333
2091,0.47500000000000003
1010,0.5666666666666667
286,0.7083333333333333
4345,0.15000000000000002
662,0.85
2536,0.6666666666666666
2111,0.8250000000000001
4147,0.16666666666666669
3268,0.7083333333333333
1884,0.5416666666666666
3454,0.21666666666666665
3612,0.7666666666666666
3502,0.225
3346,0.35833333333333334
2555,0.11666666666666667
2594,0.6833333333333333
3240,0.8333333333333334
845,0.6
542,0.825
2019,0.9000000000000001
91,0.19166666666666665
2781,0.7000000000000001
2948,0.5833333333333333
4045,0.3416666666666667
2304,0.725
1979,0.8083333333333333
1196,0.4166666666666667
2426,0.5833333333333333
1102,0.7333333333333334
3825,0.4833333333333334
4025,0.6499999999999999
2607,0.3333333333333333
2238,0.7
3906,0.825
3583,0.7333333333333334
3684,0.05
3750,0.25
1048,0.16666666666666666
3275,0.675
1960,0.175
2153,0.49166666666666664
898,0.8
1459,0.35
4024,0.2833333333333333
237,0.8333333333333334
3620,0.7416666666666666
2211,0.05
1133,0.4083333333333333
3012,0.6416666666666667
1805,0.008333333333333333
3155,0.6083333333333334
163,0.7333333333333334
3673,0.25
4070,0.8166666666666668
252,0.5249999999999999
2542,0.35
3002,0.32499999999999996
2425,0.3666666666666667
3411,0.5416666666666667
1791,0.775
2986,0.575
1811,0.44999999999999996
4051,0.5166666666666666
3448,0.25
930,0.025
2355,0.3833333333333333
4110,0.36666666666666664
2749,0.7333333333333334
2124,0.8083333333333333
2578,0.6833333333333333
3683,0.8
3988,0.3833333333333333
3925,0.7333333333333334
1452,0.675
593,0.6916666666666667
41,0.55
560,0.48333333333333334
2223,0.4166666666666667
2303,0.44166666666666665
243,0.45
1339,0.7583333333333333
2112,0.4916666666666667
2882,0.375
1442,0.625
261,0.09166666666666666
2101,0.21666666666666667
1689,0.7166666666666667
1725,0.6666666666666666
4296,0.20833333333333337
834,0.09166666666666667
1866,0.6583333333333333
2010,0.6833333333333333
340,0.39166666666666666
1601,0.15
4078,0.7166666666666667
480,0.575
3615,0.175
3970,0.4
2307,0.625
3021,0.5166666666666666
1766,0.35
3702,0.75
2181,0.6000000000000001
2897,0.375
3527,0.5499999999999999
3617,0.5333333333333333
1271,0.27499999999999997
2331,0.875
3742,0.8416666666666668
2342,0.7333333333333333
347,0.7416666666666667
2942,0.8
3944,0.275
3889,0.275
1423,0.8666666666666667
3986,0.55
632,0.20833333333333337
2436,0.9166666666666666
2789,0.6000000000000001
4185,0.15
2736,0.32499999999999996
1465,0.7583333333333334
2232,0.8083333333333333
115,0.016666666666666666
3816,0.6333333333333333
1494,0.55
1232,0.7833333333333333
2176,0.7583333333333333
1153,0.03333333333333333
2920,0.45833333333333337
57,0.13333333333333333
3365,0.8083333333333333
4298,0.47500000000000003
1735,0.675
2706,0.3666666666666667
4338,0.11666666666666667
3647,0.75
707,0.5333333333333333
1093,0.7666666666666666
3209,0.5
1376,0.22500000000000003
72,0.6833333333333333
1922,0.6583333333333333
2402,0.6666666666666667
1764,0.425
743,0.36666666666666664
2182,0.43333333333333335
1005,0.016666666666666666
1190,0.05
1125,0.625
1241,0.43333333333333335
4205,0.775
2651,0.7333333333333334
998,0.6583333333333334
1577,0.6166666666666667
4166,0.13333333333333333
1826,0.7583333333333333
2500,0.5166666666666666
4339,0.375
3442,0.7083333333333334
440,0.65
1100,0.5583333333333333
3818,0.058333333333333334
649,0.5333333333333333
1546,0.23333333333333334
2694,0.075
2413,0.5083333333333333
630,0.2833333333333334
672,0.6583333333333333
1249,0.6749999999999999
482,0.9000000000000001
1584,0.6083333333333334
3950,0.44166666666666665
1462,0.39999999999999997
2980,0.55
3023,0.24166666666666667
49,0.025
3366,0.425
2314,0.225
858,0.058333333333333334
1072,0.03333333333333333
719,0.65
1660,0.016666666666666666
1656,0.016666666666666666
2683,0.5666666666666667
4188,0.75
4326,0.8
2835,0.06666666666666667
3706,0.30833333333333335
4134,0.05
1385,0.375
2909,0.9500000000000001
1399,0.8500000000000001
1195,0.5916666666666667
1408,0.049999999999999996
4333,0.3666666666666667
1798,0.6166666666666667
1475,0.8083333333333333
2437,0.9083333333333333
4050,0.05
2696,0.058333333333333334
2406,0.5583333333333333
3371,0.5666666666666667
1286,0.18333333333333332
349,0.16666666666666666
3285,0.8166666666666667
2367,0.175
1681,0.6083333333333333
1443,0.5666666666666667
2462,0.625
1671,0.7416666666666667
1179,0.41666666666666663
3597,0.8166666666666668
3640,0.3583333333333334
2748,0.5333333333333333
1916,0.7583333333333333
1357,0.2
1825,0.5
786,0.4
469,0.7833333333333333
140,0.7833333333333333
788,0.7666666666666667
323,0.6
3438,0.7833333333333333
714,0.008333333333333333
3725,0.24166666666666664
4187,0.6666666666666667
3607,0.7416666666666667
3898,0.8250000000000001
2282,0.36666666666666664
406,0.5083333333333334
2554,0.2833333333333333
1004,0.8083333333333333
890,0.35833333333333334
4088,0.6416666666666666
2987,0.6
4202,0.6749999999999999
4307,0.2916666666666667
303,0.625
3767,0.31666666666666665
2846,0.08333333333333334
664,0.575
1177,0.20833333333333331
1947,0.8166666666666667
3477,0.625
2132,0.2583333333333333
4094,0.025
961,0.5583333333333333
2009,0.48333333333333334
2149,0.8
3126,0.7333333333333334
3462,0.575
304,0.6166666666666667
3878,0.4
1496,0.8166666666666667
916,0.03333333333333333
3211,0.5666666666666667
2827,0.6583333333333334
1624,0.5916666666666667
2910,0.9333333333333333
821,0.65
2576,0.6583333333333333
1354,0.45
3735,0.35000000000000003
3793,0.275
1000,0.6833333333333333
18,0.26666666666666666
1637,0.8666666666666667
1667,0.025
493,0.7000000000000001
3125,0.31666666666666665
3259,0.3333333333333333
687,0.4166666666666667
2834,0.058333333333333334
1608,0.44999999999999996
4346,0.20833333333333331
2584,0.7333333333333333
1009,0.125
3937,0.26666666666666666
1327,0.2916666666666667
1677,0.10833333333333334
1999,0.7250000000000001
1310,0.4666666666666667
1987,0.14166666666666666
3618,0.6083333333333333
344,0.016666666666666666
3123,0.025
986,0.8916666666666667
2922,0.6083333333333334
3410,0.31666666666666665
3028,0.11666666666666667
3910,0.44166666666666665
1142,0.9416666666666668
1198,0.7833333333333334
85,0.6416666666666666
1518,0.41666666666666663
3172,0.05
1381,0.75
4177,0.5333333333333334
1014,0.8416666666666668
128,0.8333333333333334
1364,0.8833333333333333
2758,0.8166666666666668
2366,0.3416666666666667
891,0.21666666666666667
3632,0.6333333333333333
1359,0.5666666666666667
307,0.25833333333333336
1661,0.4083333333333334
3771,0.475
1317,0.21666666666666667
3392,0.4666666666666667
3321,0.7250000000000001
1208,0.29166666666666663
3728,0.35000000000000003
3372,0.675
2318,0.8166666666666667
1239,0.6083333333333333
2289,0.65
275,0.4666666666666667
489,0.5583333333333333
3649,0.6833333333333332
1229,0.06666666666666667
3830,0.625
3070,0.7666666666666666
2634,0.4583333333333333
3199,0.33333333333333337
1058,0.016666666666666666
2166,0.5916666666666667
281,0.2583333333333333
2716,0.7
1316,0.7583333333333333
968,0.6916666666666667
2971,0.8333333333333334
2665,0.65
4052,0.8
619,0.8916666666666667
2453,0.625
1742,0.1
4138,0.16666666666666666
3063,0.016666666666666666
1847,0.6583333333333334
1579,0.4583333333333333
1655,0.625
2212,0.13333333333333333
2020,0.20833333333333331
1956,0.85
1307,0.6
2003,0.058333333333333334
575,0.5583333333333333
1706,0.025
4190,0.55
2640,0.2
3417,0.025
861,0.06666666666666667
1801,0.825
1628,0.6583333333333333
1993,0.1
269,0.27499999999999997
629,0.5
2334,0.7083333333333334
300,0.23333333333333334
459,0.30833333333333335
1447,0.725
1472,0.7833333333333333
2046,0.8916666666666667
3271,0.4583333333333333
2857,0.4083333333333333
2113,0.4916666666666667
3404,0.5750000000000001
3169,0.5083333333333333
4018,0.016666666666666666
2905,0.26666666666666666
2008,0.5416666666666667
4268,0.4
503,0.016666666666666666
2577,0.025
4153,0.8416666666666667
380,0.8666666666666667
3965,0.3416666666666667
1525,0.3083333333333333
3221,0.7333333333333333
2340,0.025
374,0.8
2473,0.5166666666666667
3399,0.23333333333333334
939,0.21666666666666667
2921,0.45
3187,0.016666666666666666
2147,0.775
2899,0.025
2068,0.75
529,0.775
2833,0.7916666666666666
636,0.5416666666666666
1269,0.15833333333333333
185,0.09999999999999999
3517,0.5333333333333334
2408,0.08333333333333333
2627,0.7916666666666666
1797,0.6666666666666667
1441,0.7583333333333334
2648,0.24166666666666667
1535,0.4083333333333333
1273,0.6833333333333332
607,0.5750000000000001
1712,0.041666666666666664
2199,0.29166666666666663
955,0.6166666666666667
2954,0.1
2566,0.825
403,0.09166666666666667
2071,0.13333333333333333
4276,0.5166666666666666
1977,0.016666666666666666
158,0.375
1748,0.21666666666666667
2691,0.35
902,0.016666666666666666
352,0.11666666666666665
1230,0.2833333333333334
4033,0.08333333333333334
2140,0.025
444,0.5666666666666667
4301,0.875
754,0.625
1737,0.44166666666666665
4331,0.16666666666666666
311,0.48333333333333334
548,0.016666666666666666
3065,0.31666666666666665
3344,0.7666666666666667
306,0.7500000000000001
2335,0.6666666666666667
694,0.6416666666666666
2356,0.125
1927,0.058333333333333334
3551,0.35
749,0.7833333333333334
2464,0.5583333333333333
1266,0.625
2493,0.4166666666666667
2686,0.6833333333333333
3098,0.2833333333333333
970,0.875
13,0.03333333333333333
873,0.23333333333333334
808,0.8
514,0.041666666666666664
3700,0.5833333333333333
409,0.7250000000000001
2588,0.24166666666666667
3972,0.22499999999999998
207,0.11666666666666667
2564,0.4833333333333333
458,0.7250000000000001
4076,0.8416666666666667
2430,0.25
4198,0.6083333333333333
4081,0.6833333333333332
3233,0.03333333333333333
3931,0.44166666666666665
1883,0.4083333333333334
1713,0.14166666666666666
3001,0.6
3466,0.30833333333333335
552,0.058333333333333334
1439,0.35833333333333334
2270,0.23333333333333334
4158,0.8833333333333333
1925,0.008333333333333333
634,0.008333333333333333
4180,0.09166666666666667
316,0.058333333333333334
3257,0.23333333333333334
4085,0.6083333333333333
1328,0.6666666666666667
427,0.55
2562,0.049999999999999996
105,0.8416666666666668
142,0.9166666666666667
2169,0.75
2529,0.2833333333333333
3794,0.6166666666666667
2241,0.5
2591,0.7166666666666667
2163,0.13333333333333333
1949,0.8083333333333333
1768,0.675
2272,0.3583333333333333
1,0.30833333333333335
4080,0.5916666666666667
4310,0.45000000000000007
1951,0.26666666666666666
3101,0.13333333333333333
3378,0.29166666666666663
2653,0.058333333333333334
1109,0.41666666666666663
3129,0.5666666666666667
591,0.21666666666666667
1695,0.4416666666666666
3326,0.7916666666666666
1576,0.8583333333333333
4208,0.5583333333333333
213,0.20833333333333331
778,0.8583333333333334
4229,0.6666666666666666
3167,0.3
2043,0.06666666666666667
3811,0.35000000000000003
2668,0.016666666666666666
3469,0.825
1567,0.016666666666666666
4136,0.25
4104,0.9083333333333333
2728,0.05
4283,0.5499999999999999
1343,0.23333333333333334
2013,0.6833333333333333
273,0.4666666666666666
71,0.26666666666666666
1087,0.7333333333333334
394,0.16666666666666669
583,0.6166666666666667
1367,0.6166666666666667
4337,0.10833333333333334
3564,0.35833333333333334
3936,0.4916666666666667
4164,0.825
3027,0.19166666666666668
2689,0.2833333333333333
1763,0.6416666666666667
3482,0.2583333333333333
1259,0.6083333333333333
3799,0.8750000000000001
2253,0.05
526,0.08333333333333333
377,0.8833333333333333
1559,0.26666666666666666
2955,0.55
1963,0.9166666666666667
4119,0.041666666666666664
348,0.16666666666666669
4209,0.7
2246,0.008333333333333333
3188,0.5916666666666666
1709,0.21666666666666667
1050,0.525
590,0.03333333333333333
519,0.8
3731,0.25833333333333336
3133,0.39999999999999997
2477,0.7916666666666666
1083,0.49999999999999994
4261,0.125
4155,0.4
1294,0.38333333333333336
1809,0.55
791,0.5
792,0.7666666666666666
3239,0.21666666666666667
1980,0.4083333333333333
2962,0.625
2570,0.3416666666666667
1530,0.8166666666666667
1410,0.5166666666666666
3660,0.8166666666666667
3666,0.7250000000000001
83,0.04166666666666667
3629,0.25
2350,0.5083333333333333
20,0.09166666666666666
3194,0.049999999999999996
1562,0.38333333333333336
973,0.41666666666666663
1710,0.09166666666666666
3014,0.8583333333333334
1098,0.35
4146,0.4666666666666667
886,0.42500000000000004
2798,0.85
3873,0.4083333333333333
3570,0.5499999999999999
3901,0.6916666666666667
737,0.23333333333333334
1453,0.35
3007,0.8333333333333333
4087,0.7
2506,0.7583333333333333
2126,0.25
906,0.6833333333333332
2778,0.55
3395,0.16666666666666669
2507,0.75
2428,0.7333333333333334
947,0.65
2889,0.008333333333333333
3079,0.825
715,0.8499999999999999
3180,0.33333333333333337
686,0.35
3952,0.3333333333333333
2353,0.75
2257,0.6083333333333333
3405,0.8083333333333333
21,0.5166666666666667
885,0.03333333333333333
3524,0.058333333333333334
917,0.625
2852,0.3666666666666667
3911,0.6583333333333333
3836,0.25833333333333336
2917,0.2833333333333334
1265,0.3416666666666667
483,0.3583333333333333
3458,0.5166666666666666
4004,0.3333333333333333
277,0.5416666666666666
988,0.3083333333333333
2084,0.05
1245,0.85
2382,0.7083333333333334
571,0.7
1435,0.4
993,0.025
4240,0.4666666666666667
3227,0.8166666666666667
585,0.43333333333333335
4335,0.6916666666666667
2514,0.23333333333333334
1349,0.3666666666666667
1007,0.22500000000000003
674,0.4
2412,0.30833333333333335
447,0.03333333333333333
4121,0.14166666666666666
3463,0.525
2064,0.31666666666666665
3661,0.7416666666666667
2893,0.08333333333333333
1690,0.6583333333333333
3821,0.375
1247,0.2916666666666667
1985,0.45833333333333337
294,0.8833333333333333
1547,0.55
2012,0.23333333333333334
588,0.6833333333333333
2403,0.9
2129,0.23333333333333334
3540,0.20833333333333334
3390,0.19166666666666665
425,0.18333333333333332
2582,0.03333333333333333
1054,0.20833333333333334
3853,0.6333333333333333
556,0.4083333333333334
3490,0.7833333333333333
2985,0.5083333333333333
4102,0.7499999999999999
3215,0.9166666666666667
4100,0.6916666666666665
3127,0.3166666666666667
1193,0.7333333333333334
1716,0.65
2604,0.725
3138,0.8666666666666667
1704,0.85
2618,0.6166666666666667
2400,0.375
2139,0.22499999999999998
2383,0.31666666666666665
2844,0.8416666666666668
1285,0.8833333333333334
2880,0.875
2913,0.85
3695,0.5833333333333333
2087,0.7333333333333333
1889,0.8583333333333334
1591,0.5666666666666667
4086,0.475
2162,0.15833333333333333
2396,0.008333333333333333
3865,0.4083333333333333
2271,0.44166666666666665
3727,0.13333333333333333
1137,0.09166666666666666
2952,0.24166666666666667
972,0.24166666666666664
795,0.6916666666666667
1711,0.6166666666666667
3824,0.2916666666666667
453,0.6416666666666667
913,0.8
3089,0.24166666666666667
1199,0.5083333333333333
1274,0.5833333333333334
2375,0.5583333333333333
37,0.21666666666666667
974,0.775
983,0.4833333333333333
3081,0.6833333333333333
1418,0.13333333333333333
1560,0.5166666666666666
39,0.8416666666666667
1486,0.7583333333333333
2944,0.125
169,0.24166666666666667
1355,0.03333333333333333
2765,0.44166666666666665
4131,0.15000000000000002
3107,0.7666666666666667
2682,0.5416666666666667
3179,0.016666666666666666
1640,0.8416666666666667
1290,0.2583333333333333
1380,0.8333333333333333
1933,0.1
579,0.43333333333333335
3260,0.5833333333333333
2030,0.04166666666666667
892,0.23333333333333334
780,0.7333333333333334
159,0.09166666666666666
2,0.08333333333333334
3162,0.8666666666666667
3814,0.35833333333333334
849,0.6333333333333333
2466,0.7166666666666667
2780,0.03333333333333333
1596,0.7083333333333334
1776,0.5833333333333333
1913,0.8916666666666666
1043,0.22500000000000003
1544,0.7999999999999999
3904,0.8583333333333333
53,0.48333333333333334
1796,0.05
1911,0.22499999999999998
3276,0.44166666666666665
2553,0.7083333333333333
3093,0.6499999999999999
3593,0.7499999999999999
824,0.09166666666666666
4120,0.7749999999999999
1389,0.5916666666666667
3789,0.825
4315,0.3666666666666667
1607,0.4333333333333333
1594,0.016666666666666666
771,0.75
2611,0.4083333333333333
2273,0.06666666666666667
1868,0.7666666666666666
1085,0.825
3946,0.45
1325,0.6333333333333333
1463,0.85
806,0.11666666666666667
3949,0.43333333333333335
2863,0.8833333333333334
2108,0.2833333333333333
3281,0.225
4309,0.7333333333333333
2234,0.46666666666666673
963,0.016666666666666666
398,0.2833333333333333
2632,0.825
4220,0.2916666666666667
704,0.10833333333333332
431,0.4916666666666667
292,0.21666666666666667
4233,0.75
145,0.5166666666666667
3158,0.8666666666666667
2033,0.8500000000000001
3246,0.85
1165,0.8166666666666667
2050,0.025
2624,0.31666666666666665
3528,0.5416666666666667
339,0.225
3355,0.725
265,0.016666666666666666
2424,0.6833333333333333
3590,0.7583333333333333
1771,0.7583333333333333
271,0.25
696,0.2916666666666667
747,0.41666666666666663
244,0.5916666666666667
317,0.5583333333333333
476,0.6333333333333334
2032,0.8333333333333334
3932,0.5666666666666667
3229,0.24166666666666667
813,0.7416666666666667
1914,0.55
3905,0.4083333333333333
1297,0.10833333333333334
1804,0.4833333333333333
3329,0.325
250,0.8833333333333333
2461,0.25
545,0.7166666666666667
738,0.016666666666666666
310,0.5083333333333333
1131,0.7
1449,0.7666666666666666
4278,0.20833333333333331
15,0.24166666666666667
2769,0.125
4072,0.375
3238,0.3416666666666667
2544,0.025
3712,0.6083333333333334
363,0.45
182,0.7749999999999999
1194,0.55
2858,0.6833333333333333
1121,0.20833333333333334
2235,0.30000000000000004
2667,0.6416666666666667
1182,0.7166666666666667
3375,0.7416666666666667
614,0.8666666666666667
1466,0.8666666666666666
401,0.41666666666666663
934,0.175
2419,0.5833333333333334
3047,0.5583333333333333
2641,0.9333333333333332
3038,0.8
726,0.39999999999999997
826,0.7083333333333333
1521,0.025
4129,0.16666666666666669
136,0.4666666666666667
628,0.5416666666666666
334,0.8166666666666665
390,0.275
3538,0.75
1817,0.18333333333333332
400,0.7666666666666666
710,0.55
1039,0.25
3020,0.9166666666666666
3998,0.6749999999999999
1561,0.425
4174,0.05
3880,0.5833333333333334
1112,0.8416666666666668
2513,0.44999999999999996
1223,0.36666666666666664
3105,0.6666666666666666
2421,0.30833333333333335
1508,0.475
1750,0.55
4267,0.7083333333333334
1799,0.55
338,0.775
215,0.5499999999999999
1341,0.016666666666666666
3872,0.575
1520,0.7333333333333334
2984,0.35000000000000003
2867,0.016666666666666666
3111,0.8750000000000001
2322,0.5166666666666666
2571,0.75
101,0.45
3300,0.775
171,0.675
107,0.8416666666666667
3740,0.6666666666666666
4341,0.7999999999999999
3533,0.275
3075,0.75
3312,0.725
3131,0.09166666666666667
3082,0.6166666666666667
3452,0.5249999999999999
3656,0.425
3969,0.675
1040,0.23333333333333334
3220,0.6416666666666666
2760,0.6166666666666667
2120,0.21666666666666667
1524,0.39166666666666666
3945,0.46666666666666673
2248,0.30000000000000004
481,0.7083333333333333
3277,0.8916666666666667
3401,0.7583333333333333
1762,0.016666666666666666
3761,0.2833333333333333
3916,0.175
3189,0.7833333333333333
4318,0.7333333333333334
405,0.13333333333333333
757,0.44166666666666665
2711,0.5416666666666666
2670,0.075
3015,0.5583333333333333
97,0.925
1333,0.5333333333333333
3667,0.24166666666666667
2791,0.025
2854,0.058333333333333334
186,0.6166666666666667
3029,0.65
3780,0.5083333333333333
2058,0.7166666666666667
3241,0.875
148,0.23333333333333334
28,0.35
3151,0.008333333333333333
3033,0.2583333333333333
692,0.5750000000000001
2866,0.008333333333333333
1386,0.05
1845,0.2833333333333333
3557,0.29166666666666663
1599,0.7083333333333333
3451,0.575
701,0.45
1708,0.09166666666666667
454,0.09166666666666667
2868,0.058333333333333334
2040,0.1
3224,0.175
2315,0.6166666666666667
609,0.35
167,0.15833333333333333
730,0.058333333333333334
4242,0.5833333333333334
2074,0.5
3121,0.058333333333333334
1622,0.8916666666666666
587,0.5750000000000001
1401,0.26666666666666666
1700,0.875
3357,0.75
3628,0.175
1379,0.3333333333333333
2089,0.7166666666666666
2175,0.6666666666666667
3443,0.23333333333333334
3317,0.6166666666666667
2963,0.26666666666666666
2657,0.8500000000000001
3741,0.20833333333333331
441,0.24166666666666667
3064,0.37500000000000006
2051,0.7416666666666667
2541,0.4083333333333334
1301,0.85
3914,0.4583333333333333
1304,0.725
236,0.8500000000000001
2599,0.05
520,0.5583333333333333
2573,0.25833333333333336
2768,0.6749999999999999
735,0.8666666666666666
4093,0.058333333333333334
2106,0.48333333333333334
2679,0.31666666666666665
2761,0.058333333333333334
592,0.008333333333333333
1303,0.025
1387,0.8916666666666666
4079,0.2916666666666667
2994,0.39166666666666666
3414,0.06666666666666667
4281,0.8166666666666667
904,0.03333333333333333
3919,0.32499999999999996
1279,0.825
3685,0.24166666666666667
4262,0.25
2308,0.3916666666666666
3665,0.3583333333333333
3786,0.675
3651,0.21666666666666665
706,0.09166666666666667
4159,0.5416666666666666
745,0.725
1939,0.8166666666666667
3569,0.7083333333333333
2862,0.2
3024,0.6833333333333333
513,0.23333333333333334
81,0.3166666666666667
4328,0.4083333333333334
1308,0.475
3832,0.175
914,0.8250000000000001
4179,0.775
2198,0.4833333333333334
774,0.4666666666666667
329,0.7083333333333334
2054,0.9083333333333334
2001,0.35
943,0.3
822,0.8333333333333334
3796,0.13333333333333333
909,0.55
2516,0.21666666666666667
181,0.2
164,0.7916666666666666
1523,0.75
451,0.7916666666666666
2538,0.6416666666666666
3112,0.9166666666666666
1311,0.8583333333333333
1111,0.30833333333333335
3829,0.7
1287,0.025
3711,0.575
3842,0.05
327,0.35000000000000003
1790,0.7666666666666666
2490,0.9000000000000001
2006,0.65
2007,0.8166666666666667
1858,0.48333333333333334
4168,0.22499999999999998
312,0.058333333333333334
832,0.7166666666666667
1201,0.8833333333333333
3977,0.6000000000000001
3022,0.7583333333333333
2134,0.15833333333333333
2209,0.275
3554,0.25
1481,0.36666666666666664
777,0.23333333333333334
799,0.7333333333333334
54,0.31666666666666665
2972,0.85
1920,0.6083333333333334
3984,0.4083333333333334
3957,0.7
1701,0.03333333333333333
2161,0.6499999999999999
1136,0.6
987,0.7750000000000001
3625,0.425
3305,0.8833333333333333
1394,0.016666666666666666
2637,0.7666666666666666
768,0.016666666666666666
4092,0.13333333333333333
285,0.6000000000000001
4063,0.5333333333333333
428,0.5166666666666667
2332,0.3416666666666667
2717,0.7583333333333334
2079,0.15000000000000002
722,0.6833333333333332
951,0.43333333333333335
3503,0.5833333333333333
2262,0.7416666666666667
989,0.5166666666666666
1759,0.425
3113,0.6916666666666667
326,0.6333333333333333
2608,0.05
1383,0.525
1724,0.6916666666666667
1086,0.9666666666666667
3703,0.7916666666666667
341,0.39166666666666666
147,0.075
4212,0.20833333333333331
1107,0.7000000000000001
848,0.5666666666666667
966,0.025
3782,0.275
2203,0.275
3400,0.24166666666666667
661,0.2833333333333334
1002,0.5666666666666667
3585,0.7166666666666667
3874,0.39166666666666666
3589,0.3833333333333333
4096,0.35
1879,0.8
4223,0.7083333333333333
1203,0.20833333333333331
1990,0.775
24,0.875
4221,0.6749999999999999
4160,0.29166666666666663
3195,0.09166666666666667
3526,0.625
875,0.7916666666666667
4128,0.5333333333333333
938,0.18333333333333332
2687,0.09166666666666666
2394,0.058333333333333334
3857,0.6833333333333333
4332,0.21666666666666667
385,0.725
3515,0.65
3859,0.4333333333333333
3370,0.8416666666666667
2291,0.2
3212,0.058333333333333334
936,0.8416666666666667
3976,0.775
2360,0.39166666666666666
201,0.8416666666666667
1332,0.3916666666666667
3016,0.25
2708,0.8916666666666667
1934,0.525
935,0.6583333333333333
2418,0.4166666666666667
566,0.5166666666666666
1854,0.2916666666666667
3697,0.2916666666666667
2872,0.5916666666666667
3030,0.475
3718,0.85
2467,0.5083333333333333
1645,0.8833333333333334
3826,0.675
2861,0.23333333333333334
1792,0.65
1430,0.41666666666666663
2826,0.44999999999999996
3100,0.5583333333333333
3552,0.6749999999999999
1013,0.7583333333333333
1928,0.03333333333333333
4046,0.6416666666666667
3056,0.6416666666666667
126,0.525
4178,0.41666666666666663
2935,0.8166666666666667
1347,0.03333333333333333
3055,0.8
355,0.525
4008,0.5416666666666666
2730,0.41666666666666663
827,0.5833333333333334
1639,0.675
4012,0.6333333333333333
984,0.15
4323,0.39166666666666666
2188,0.625
3927,0.4583333333333333
2443,0.125
362,0.45833333333333337
2349,0.7166666666666667
345,0.09166666666666666
3165,0.7083333333333333
3917,0.35
711,0.24999999999999997
3182,0.6666666666666666
4170,0.5416666666666666
3792,0.11666666666666667
10,0.125
3704,0.15833333333333333
2116,0.8416666666666668
1834,0.025
793,0.3
4299,0.5166666666666666
2802,0.3666666666666667
2674,0.9
94,0.5
129,0.10833333333333334
2891,0.30833333333333335
2371,0.6833333333333333
3429,0.7666666666666667
4277,0.5666666666666667
3784,0.22499999999999998
2263,0.008333333333333333
1900,0.7999999999999999
3360,0.45833333333333326
3676,0.7333333333333334
1932,0.49166666666666664
3386,0.7166666666666667
3295,0.9166666666666666
2912,0.03333333333333333
1865,0.7666666666666667
1658,0.175
516,0.9
1857,0.8416666666666667
2645,0.6333333333333333
2243,0.20833333333333334
1277,0.22500000000000003
2336,0.8500000000000001
950,0.6
3563,0.36666666666666664
4292,0.21666666666666667
1120,0.7916666666666666
2597,0.025
2204,0.09166666666666667
419,0.7416666666666667
922,0.725
3521,0.7750000000000001
477,0.4666666666666667
2035,0.9083333333333333
3954,0.41666666666666663
1692,0.2916666666666667
3393,0.24166666666666667
3383,0.3833333333333333
1471,0.058333333333333334
2601,0.025
1202,0.5
2438,0.8750000000000001
2626,0.5833333333333333
1669,0.5416666666666666
4192,0.6083333333333334
1970,0.7666666666666666
4064,0.925
2151,0.55
820,0.475
1997,0.3416666666666666
4255,0.44999999999999996
3054,0.475
1248,0.5083333333333333
4167,0.6583333333333332
2712,0.21666666666666667
992,0.08333333333333334
2190,0.13333333333333333
4028,0.9166666666666666
1046,0.03333333333333333
1888,0.09999999999999999
2469,0.9416666666666667
2847,0.10833333333333332
615,0.7833333333333333
1318,0.7833333333333332
1863,0.8166666666666667
2343,0.23333333333333334
2449,0.4083333333333333
2136,0.7583333333333333
3773,0.25
1772,0.7416666666666667
4313,0.65
131,0.23333333333333334
3307,0.575
77,0.06666666666666667
2898,0.725
2052,0.025
724,0.7583333333333334
1314,0.3416666666666667
4297,0.5166666666666667
1851,0.44166666666666665
2317,0.3666666666666667
3518,0.05
3817,0.10833333333333334
1372,0.725
1855,0.5416666666666666
2965,0.475
1319,0.41666666666666663
2560,0.35
4259,0.27499999999999997
3834,0.27499999999999997
3653,0.125
375,0.25833333333333336
1908,0.31666666666666665
333,0.23333333333333334
3453,0.6333333333333334
3560,0.19999999999999998
2365,0.375
1604,0.2583333333333333
1118,0.5583333333333333
4230,0.44166666666666665
1943,0.38333333333333336
2958,0.6166666666666667
3467,0.39166666666666666
4308,0.2
3483,0.65
2376,0.7333333333333333
3881,0.8083333333333333
1342,0.5166666666666666
320,0.7333333333333333
1619,0.9083333333333334
3749,0.38333333333333336
2060,0.18333333333333332
2945,0.5083333333333333
2219,0.575
1673,0.575
1942,0.7666666666666666
260,0.5583333333333333
3604,0.4666666666666667
2039,0.23333333333333334
689,0.5499999999999999
901,0.6083333333333334
2306,0.2333333333333333
2026,0.4083333333333333
2892,0.008333333333333333
138,0.7416666666666666
1917,0.44166666666666665
1828,0.6333333333333333
1573,0.7083333333333334
319,0.8416666666666667
653,0.4666666666666667
2137,0.14166666666666666
3553,0.025
558,0.25833333333333336
2187,0.5583333333333333
112,0.7083333333333334
531,0.025
224,0.7833333333333333
723,0.35
3721,0.26666666666666666
2883,0.058333333333333334
3961,0.8583333333333333
1433,0.30833333333333335
2373,0.6499999999999999
3568,0.4666666666666667
3678,0.09999999999999999
1458,0.5499999999999999
3097,0.5583333333333333
1415,0.675
2762,0.5833333333333333
846,0.7999999999999999
193,0.8916666666666667
1464,0.31666666666666665
2621,0.32499999999999996
946,0.041666666666666664
2021,0.8833333333333334
2551,0.4
1629,0.8583333333333333
2928,0.8250000000000001
117,0.30000000000000004
645,0.8833333333333334
1870,0.8166666666666667
3,0.65
74,0.25833333333333336
1755,0.7916666666666667
467,0.675
5,0.7749999999999999
1246,0.19166666666666665
919,0.8166666666666667
2595,0.65
228,0.45
1063,0.8
2590,0.5833333333333334
242,0.8
2946,0.725
3664,0.35
1160,0.5083333333333333
3573,0.6666666666666667
3871,0.6666666666666667
3424,0.375
2890,0.275
2563,0.5166666666666666
2671,0.09166666666666667
1526,0.4083333333333333
1605,0.9333333333333332
4199,0.8666666666666667
2324,0.375
2709,0.30833333333333335
3565,0.8166666666666667
3921,0.38333333333333336
1989,0.375
3599,0.8833333333333333
2362,0.9166666666666667
1975,0.016666666666666666
1761,0.15833333333333333
1305,0.9333333333333333
2739,0.26666666666666666
1541,0.3666666666666667
4013,0.5083333333333333
2472,0.6416666666666667
2642,0.09166666666666667
2795,0.4666666666666667
622,0.9249999999999999
3544,0.2916666666666667
1493,0.925
110,0.425
2275,0.7250000000000001
3485,0.3916666666666667
1169,0.30833333333333335
3775,0.31666666666666665
232,0.4666666666666667
66,0.7416666666666667
1603,0.058333333333333334
2072,0.3
3283,0.7333333333333334
2192,0.2583333333333333
536,0.575
2859,0.7
125,0.35
2133,0.6416666666666667
1254,0.8583333333333333
3815,0.19166666666666665
1976,0.175
3776,0.2833333333333333
4269,0.7583333333333334
2075,0.5166666666666666
484,0.6916666666666667
1654,0.05
1215,0.10833333333333334
3086,0.21666666666666667
3663,0.21666666666666667
3835,0.475
3509,0.44166666666666665
3345,0.125
3690,0.225
1774,0.7916666666666667
2410,0.8250000000000001
2797,0.5916666666666667
918,0.5083333333333333
1646,0.45
1026,0.008333333333333333
1030,0.8083333333333333
882,0.48333333333333334
1335,0.08333333333333333
2746,0.775
3406,0.22499999999999998
2713,0.275
364,0.32499999999999996
3287,0.375
2125,0.775
27,0.625
473,0.08333333333333333
525,0.775
725,0.65
55,0.6833333333333333
638,0.5833333333333333
302,0.7166666666666666
2766,0.4833333333333333
4020,0.31666666666666665
1276,0.5666666666666667
4059,0.3416666666666666
624,0.3166666666666667
2055,0.49166666666666664
1280,0.7916666666666667
2851,0.016666666666666666
1049,0.525
336,0.7999999999999999
47,0.13333333333333333
2878,0.6416666666666667
106,0.8333333333333333
2397,0.7250000000000001
1079,0.4916666666666667
2286,0.7083333333333334
2261,0.21666666666666667
1144,0.2666666666666667
3662,0.7
2296,0.6
2841,0.6
3144,0.9083333333333334
1836,0.5833333333333333
1753,0.2333333333333333
1101,0.675
1968,0.7416666666666666
3642,0.5583333333333333
3117,0.375
2393,0.43333333333333335
523,0.5
2280,0.8833333333333333
2692,0.15833333333333333
2885,0.2
1428,0.8166666666666667
2581,0.6166666666666666
4019,0.7333333333333334
603,0.05833333333333333
1489,0.5333333333333333
3598,0.49166666666666664
3122,0.26666666666666666
3744,0.42499999999999993
60,0.016666666666666666
1969,0.475
671,0.725
92,0.725
666,0.3
3459,0.6666666666666667
1887,0.2833333333333333
3266,0.08333333333333333
280,0.7
1719,0.2833333333333334
3488,0.5249999999999999
359,0.8333333333333335
899,0.058333333333333334
1935,0.7583333333333334
4219,0.21666666666666665
1994,0.4916666666666667
3542,0.39166666666666666
2895,0.7416666666666667
3254,0.2
760,0.041666666666666664
2158,0.4166666666666667
4041,0.13333333333333333
42,0.625
2173,0.25
204,0.6833333333333333
1473,0.5083333333333333
2100,0.475
2593,0.5
68,0.24166666666666667
3497,0.6833333333333333
1875,0.4
2832,0.05
3879,0.7000000000000001
3472,0.35
2231,0.35000000000000003
137,0.275
2947,0.5333333333333332
796,0.3
2180,0.5499999999999999
2128,0.6499999999999999
3177,0.6333333333333333
758,0.1
541,0.5833333333333334
1019,0.27499999999999997
3505,0.058333333333333334
3031,0.5666666666666667
165,0.09166666666666666
248,0.7166666666666667
1331,0.20833333333333331
2017,0.7333333333333334
446,0.6333333333333333
2482,0.7583333333333333
2906,0.32499999999999996
1358,0.30000000000000004
2845,0.44999999999999996
2145,0.30833333333333335
1329,0.23333333333333334
2853,0.05
2785,0.7833333333333334
763,0.9166666666666667
3493,0.16666666666666669
2150,0.7666666666666667
434,0.22499999999999998
2122,0.325
577,0.5
2900,0.5333333333333332
3669,0.3583333333333333
3278,0.45
2966,0.06666666666666667
3374,0.7916666666666667
2814,0.13333333333333333
4165,0.6666666666666666
2448,0.8833333333333333
1848,0.15833333333333333
762,0.5166666666666666
3037,0.016666666666666666
388,0.525
235,0.025
4016,0.35833333333333334
1984,0.525
267,0.625
3377,0.8750000000000001
770,0.8666666666666668
2165,0.8250000000000001
437,0.8500000000000001
673,0.9166666666666666
249,0.25833333333333336
2201,0.5166666666666666
1574,0.23333333333333334
3143,0.775
2142,0.9083333333333333
3419,0.15
2081,0.7666666666666667
4035,0.125
3958,0.10833333333333334
880,0.5916666666666666
448,0.45
1469,0.7
716,0.18333333333333332
3680,0.30833333333333335
4031,0.5416666666666666
2048,0.6666666666666667
1901,0.625
3838,0.5916666666666667
3149,0.48333333333333334
3156,0.4083333333333333
1168,0.30833333333333335
82,0.225
3529,0.47500000000000003
3715,0.5916666666666667
2724,0.7333333333333334
3044,0.20833333333333331
3094,0.5916666666666667
1460,0.175
2818,0.35
1893,0.6666666666666666
1668,0.825
2756,0.35833333333333334
2000,0.4
475,0.4583333333333333
517,0.7
3996,0.43333333333333335
404,0.016666666666666666
384,0.6833333333333333
3907,0.44166666666666665
3787,0.26666666666666666
2152,0.4
1633,0.6916666666666667
4252,0.45833333333333337
688,0.2583333333333333
3745,0.38333333333333336
2874,0.08333333333333333
1240,0.24166666666666667
62,0.016666666666666666
3353,0.39166666666666666
852,0.675
4169,0.8916666666666667
3806,0.6416666666666666
1262,0.625
223,0.6333333333333333
2193,0.8833333333333333
3136,0.36666666666666664
373,0.4666666666666667
1824,0.18333333333333332
3903,0.8500000000000001
3190,0.8916666666666666
4256,0.05833333333333333
4002,0.7583333333333334
3322,0.5083333333333333
3313,0.016666666666666666
797,0.5416666666666666
2871,0.42500000000000004
9,0.175
2497,0.175
1944,0.7083333333333333
1838,0.24166666666666667
708,0.8500000000000001
255,0.23333333333333334
2930,0.5666666666666667
1617,0.44166666666666665
389,0.45
3754,0.44166666666666665
1581,0.125
2956,0.24166666666666667
924,0.7166666666666666
2799,0.025
3630,0.2916666666666667
2508,0.31666666666666665
2036,0.03333333333333333
3686,0.6666666666666667
1224,0.03333333333333333
3216,0.31666666666666665
3006,0.2
2549,0.3666666666666667
1946,0.125
739,0.775
40,0.19166666666666665
868,0.6
2779,0.5666666666666667
539,0.4
3249,0.6583333333333333
3387,0.2
2745,0.1
4083,0.4
2723,0.03333333333333333
1371,0.6666666666666666
1145,0.7166666666666667
1031,0.7916666666666667
372,0.7
667,0.6499999999999999
3479,0.5166666666666666
3019,0.8083333333333333
357,0.275
967,0.075
2831,0.08333333333333333
2783,0.7583333333333333
1353,0.15833333333333333
1035,0.15
3018,0.5
470,0.3916666666666667
4280,0.65
3330,0.3416666666666667
3637,0.058333333333333334
1396,0.21666666666666667
3584,0.041666666666666664
3722,0.65
4039,0.825
1549,0.05
3376,0.7083333333333334
1256,0.5333333333333333
2094,0.3
3473,0.4916666666666667
3512,0.8500000000000001
1555,0.4833333333333334
4133,0.3
1250,0.775
1699,0.025
1252,0.7083333333333333
4182,0.3583333333333333
4197,0.2833333333333333
3284,0.35
2933,0.8666666666666667
79,0.5166666666666667
1172,0.36666666666666664
814,0.29166666666666663
1852,0.45833333333333337
2220,0.44166666666666665
2719,0.18333333333333332
4049,0.49166666666666664
3875,0.38333333333333336
2105,0.9083333333333334
133,0.3583333333333333
1140,0.8916666666666666
933,0.6916666666666667
928,0.8416666666666668
823,0.44999999999999996
3480,0.29166666666666663
3823,0.775
1531,0.35
1214,0.6333333333333333
504,0.125
4325,0.30833333333333335
2395,0.675
1996,0.22499999999999998
2434,0.8583333333333333
3072,0.18333333333333332
1958,0.45833333333333326
1384,0.42500000000000004
894,0.31666666666666665
828,0.6583333333333333
455,0.35000000000000003
2523,0.7083333333333333
1683,0.925
3968,0.39999999999999997
3938,0.275
3867,0.4
652,0.049999999999999996
172,0.008333333333333333
3522,0.44166666666666665
3197,0.725
38,0.3666666666666667
3602,0.8083333333333333
1881,0.7833333333333333
713,0.13333333333333333
90,0.19166666666666668
2214,0.45
1205,0.6833333333333333
2923,0.45833333333333337
3803,0.5833333333333333
3983,0.575
3486,0.48333333333333334
3323,0.36666666666666664
3141,0.2916666666666667
1827,0.7
1155,0.44166666666666665
1324,0.49999999999999994
216,0.7416666666666667
3398,0.3666666666666667
510,0.2666666666666667
1680,0.175
499,0.13333333333333333
3810,0.7416666666666667
1856,0.6833333333333335
1388,0.9416666666666667
1519,0.8583333333333334
3719,0.6833333333333333
2386,0.19166666666666665
4149,0.35833333333333334
3236,0.23333333333333334
2076,0.35833333333333334
1540,0.5166666666666667
1217,0.22499999999999998
2681,0.23333333333333334
2842,0.8749999999999999
2993,0.4916666666666667
1416,0.175
2217,0.016666666666666666
3877,0.3666666666666667
1676,0.025
1197,0.22500000000000003
1542,0.05
3301,0.8416666666666667
3869,0.5
2960,0.6083333333333333
2539,0.15
953,0.20833333333333331
3145,0.7083333333333333
3080,0.625
2635,0.6333333333333334
750,0.025
2705,0.39166666666666666
234,0.15833333333333333
732,0.10833333333333334
1238,0.5166666666666667
4139,0.6499999999999999
1156,0.23333333333333334
3967,0.20833333333333331
3909,0.6333333333333333
2445,0.8666666666666667
2982,0.2833333333333334
1209,0.225
1065,0.13333333333333333
3764,0.8916666666666667
2156,0.5166666666666666
1062,0.7
2616,0.6083333333333334
1167,0.6666666666666666
3222,0.675
3636,0.6083333333333333
3555,0.7166666666666667
1492,0.7750000000000001
2938,0.8
2995,0.38333333333333336
3096,0.2833333333333333
3804,0.65
4103,0.08333333333333334
3140,0.8666666666666667
884,0.6333333333333334
143,0.7166666666666667
1390,0.24166666666666667
3577,0.5916666666666667
850,0.525
3635,0.7583333333333333
3455,0.33333333333333337
2782,0.42500000000000004
717,0.6666666666666666
1819,0.41666666666666663
2502,0.5
264,0.6416666666666667
75,0.7666666666666666
4216,0.7666666666666667
2492,0.7083333333333334
395,0.2916666666666667
3922,0.31666666666666665
2224,0.7250000000000001
3090,0.8083333333333335
4206,0.875
396,0.8500000000000001
1365,0.6333333333333333
3845,0.03333333333333333
1903,0.6083333333333334
595,0.6666666666666666
2109,0.39166666666666666
1296,0.35
1821,0.325
872,0.7333333333333334
3997,0.3833333333333333
2264,0.3166666666666667
2326,0.45833333333333337
1548,0.18333333333333332
3766,0.5916666666666667
3440,0.075
36,0.9000000000000001
3807,0.24166666666666667
4027,0.3166666666666667
2710,0.7333333333333333
4317,0.8916666666666666
2143,0.4916666666666666
3935,0.31666666666666665
977,0.8083333333333333
1571,0.21666666666666665
1122,0.75
3760,0.375
2786,0.33333333333333337
2239,0.19999999999999998
2967,0.6000000000000001
2504,0.008333333333333333
1892,0.19166666666666665
3465,0.6333333333333333
675,0.20833333333333331
2808,0.21666666666666667
3068,0.43333333333333335
3348,0.8000000000000002
728,0.5666666666666667
3491,0.9583333333333334
3447,0.9333333333333333
412,0.625
3146,0.20833333333333334
1516,0.6416666666666667
1649,0.03333333333333333
3572,0.275
825,0.8250000000000001
3267,0.7833333333333333
616,0.7833333333333332
114,0.5083333333333333
417,0.44166666666666665
3069,0.8583333333333334
1625,0.008333333333333333
3017,0.2583333333333333
2652,0.3416666666666667
4303,0.6416666666666666
89,0.6166666666666667
2896,0.5333333333333333
4034,0.36666666666666664
2082,0.65
753,0.14166666666666666
2546,0.6833333333333332
3324,0.4833333333333333
3373,0.45
1630,0.32499999999999996
11,0.5916666666666667
2444,0.675
284,0.85
4235,0.2833333333333333
1066,0.4666666666666667
1191,0.425
1440,0.025
3648,0.3833333333333333
4213,0.5166666666666667
4210,0.5916666666666667
3498,0.7083333333333334
2738,0.5833333333333333
4137,0.05
1568,0.425
2427,0.44166666666666665
3746,0.825
2737,0.058333333333333334
3971,0.16666666666666666
1687,0.11666666666666667
851,0.7333333333333334
3546,0.42500000000000004
2207,0.5833333333333334
895,0.7666666666666666
496,0.8083333333333333
2305,0.8666666666666667
1782,0.85
335,0.7166666666666667
2839,0.825
3087,0.5666666666666667
515,0.6666666666666667
1348,0.7583333333333333
1015,0.075
2816,0.5583333333333333
1631,0.016666666666666666
2489,0.49166666666666664
3730,0.5166666666666666
2809,0.24166666666666664
3294,0.42499999999999993
3251,0.625
3964,0.2833333333333333
4343,0.20833333333333331
3908,0.25833333333333336
1781,0.2
2569,0.2
1785,0.4333333333333333
2070,0.8083333333333333
356,0.35833333333333334
4247,0.5666666666666667
3325,0.2833333333333333
1312,0.7333333333333334
1635,0.27499999999999997
550,0.23333333333333334
2388,0.7250000000000001
2479,0.7916666666666666
2521,0.275
2265,0.30000000000000004
2959,0.016666666666666666
1227,0.325
452,0.7166666666666666
3059,0.225
957,0.24166666666666667
1773,0.3333333333333333
2141,0.6666666666666666
1008,0.016666666666666666
3118,0.24166666666666667
1092,0.7250000000000001
4114,0.13333333333333333
3356,0.6166666666666667
2744,0.5416666666666666
4241,0.7083333333333334
996,0.09166666666666667
3506,0.7
1679,0.5583333333333333
153,0.7833333333333333
3147,0.65
2294,0.7916666666666667
2908,0.06666666666666667
2837,0.09166666666666667
580,0.05
1470,0.23333333333333334
703,0.25
1212,0.7416666666666667
3343,0.8333333333333334
896,0.225
3956,0.625
3308,0.25
487,0.5333333333333333
3672,0.49166666666666664
559,0.2833333333333333
1141,0.19166666666666665
3709,0.5
1119,0.3916666666666667
2849,0.6333333333333333
3822,0.41666666666666663
512,0.43333333333333335
633,0.025
3981,0.13333333333333333
1664,0.7083333333333334
1012,0.058333333333333334
1931,0.049999999999999996
4068,0.575
1150,0.19999999999999998
2838,0.7666666666666666
4214,0.6416666666666666
116,0.8666666666666667
3545,0.7666666666666667
740,0.36666666666666664
4181,0.16666666666666669
1974,0.025
1081,0.5916666666666666
3675,0.03333333333333333
1810,0.5
830,0.23333333333333334
119,0.016666666666666666
656,0.2833333333333333
4156,0.33333333333333337
4125,0.43333333333333335
1129,0.475
635,0.4166666666666667
369,0.6916666666666667
268,0.275
2703,0.325
3891,0.5666666666666667
2983,0.5750000000000001
2870,0.7583333333333333
2914,0.8416666666666667
46,0.35833333333333334
3421,0.3833333333333333
4193,0.5833333333333334
991,0.075
876,0.25
773,0.325
1219,0.26666666666666666
1126,0.2666666666666667
4,0.7166666666666668
3691,0.6666666666666666
3051,0.5166666666666667
1595,0.016666666666666666
3124,0.325
2311,0.025
3040,0.058333333333333334
2660,0.6416666666666666
2491,0.5916666666666667
3050,0.25
1077,0.35
3854,0.016666666666666666
837,0.55
681,0.7416666666666667
1715,0.625
2352,0.7583333333333333
3413,0.8083333333333333
2617,0.058333333333333334
2361,0.7666666666666667
2197,0.25833333333333336
1148,0.5166666666666667
3261,0.14166666666666666
574,0.8083333333333333
3769,0.29166666666666663
3736,0.4666666666666667
50,0.016666666666666666
853,0.3
1982,0.25
2774,0.6583333333333333
1823,0.2833333333333333
833,0.5333333333333332
3425,0.22499999999999998
1115,0.7916666666666666
1166,0.05
2518,0.025
1906,0.45
971,0.45833333333333337
2701,0.3333333333333333
399,0.32499999999999996
2559,0.1
3847,0.5583333333333333
2368,0.15833333333333333
19,0.4083333333333333
684,0.5
35,0.6
3896,0.6
2950,0.2916666666666667
4231,0.6333333333333333
2875,0.6166666666666667
524,0.5583333333333333
2455,0.39999999999999997
920,0.22499999999999998
1841,0.8500000000000001
1890,0.7
537,0.30833333333333335
2806,0.7333333333333334
1705,0.3333333333333333
4291,0.3333333333333333
3110,0.5416666666666666
3247,0.5833333333333333
245,0.6416666666666666
3882,0.8583333333333334
3464,0.6416666666666666
4000,0.6166666666666667
3175,0.6583333333333333
784,0.3083333333333333
4057,0.8
1409,0.3666666666666667
2537,0.6666666666666666
154,0.6
3710,0.19999999999999998
3009,0.425
1686,0.8166666666666667
2901,0.8416666666666668
4302,0.26666666666666666
3359,0.7
625,0.8583333333333334
3863,0.6666666666666667
2733,0.25
1895,0.5333333333333334
1346,0.8166666666666667
569,0.35
4293,0.5416666666666667
1758,0.9
4073,0.09999999999999999
1816,0.8
2065,0.36666666666666664
127,0.03333333333333333
3394,0.2
3327,0.16666666666666666
4336,0.5833333333333333
2975,0.058333333333333334
980,0.5999999999999999
2300,0.05
190,0.43333333333333335
1139,0.725
699,0.16666666666666666
4157,0.49166666666666664
606,0.8750000000000001
301,0.041666666666666664
3420,0.23333333333333334
4194,0.30833333333333335
1060,0.5083333333333333
2565,0.6333333333333333
4344,0.2833333333333333
1069,0.38333333333333336
2524,0.18333333333333332
2205,0.016666666666666666
1243,0.025
16,0.9333333333333333
3120,0.7000000000000001
815,0.23333333333333334
3067,0.6416666666666667
959,0.03333333333333333
225,0.7083333333333333
3354,0.22500000000000003
2485,0.5416666666666666
562,0.9166666666666667
3436,0.5416666666666666
1693,0.7833333333333334
1045,0.8833333333333333
3446,0.44166666666666665
954,0.9
2735,0.16666666666666669
4265,0.525
1218,0.275
1527,0.775
3987,0.48333333333333334
1300,0.4083333333333333
160,0.5583333333333333
4067,0.33333333333333337
956,0.3416666666666667
3791,0.075
3234,0.8166666666666667
2869,0.05833333333333333
3777,0.16666666666666666
2961,0.3833333333333333
2200,0.6
98,0.08333333333333333
2557,0.5
3183,0.5333333333333333
253,0.7083333333333333
3923,0.6416666666666667
1445,0.7833333333333333
1648,0.23333333333333334
3991,0.23333333333333334
1696,0.9000000000000001
3191,0.4
1154,0.11666666666666667
2255,0.8833333333333333
1682,0.8666666666666667
3170,0.6833333333333332
2056,0.425
4090,0.008333333333333333
3108,0.42499999999999993
3723,0.7916666666666666
2049,0.8083333333333335
3643,0.6416666666666667
4284,0.7750000000000001
623,0.9166666666666667
262,0.8583333333333334
3369,0.8166666666666667
4061,0.6083333333333334
1802,0.6333333333333333
4342,0.09166666666666667
2385,0.2916666666666667
1959,0.5833333333333334
2976,0.39166666666666666
488,0.5666666666666667
1843,0.45
1734,0.41666666666666663
2911,0.675
3219,0.3833333333333333
146,0.08333333333333333
1986,0.3
1369,0.21666666666666667
2811,0.025
659,0.25
1794,0.48333333333333334
2511,0.6083333333333334
3397,0.2
1147,0.5750000000000001
3272,0.625
608,0.13333333333333333
3582,0.11666666666666667
1930,0.25
197,0.03333333333333333
2931,0.625
2327,0.6583333333333333
766,0.5083333333333333
3255,0.575
202,0.21666666666666667
3510,0.25
1733,0.14166666666666666
2777,0.6083333333333334
1707,0.075
3474,0.4416666666666666
854,0.7333333333333334
4097,0.8583333333333333
2160,0.24166666666666664
698,0.525
4300,0.5916666666666667
2999,0.2833333333333333
3696,0.24999999999999997
1636,0.016666666666666666
3457,0.23333333333333334
3581,0.8333333333333334
1291,0.8333333333333333
1853,0.16666666666666666
3763,0.625
3304,0.008333333333333333
4271,0.5083333333333333
3743,0.3333333333333333
3445,0.47500000000000003
1998,0.25
663,0.025
3748,0.38333333333333336
709,0.3416666666666667
1282,0.025
2675,0.575
4029,0.5
1306,0.5833333333333334
2237,0.8166666666666668
3302,0.325
2038,0.19166666666666665
1529,0.7333333333333333
1663,0.39999999999999997
4289,0.5416666666666667
4306,0.8166666666666667
3627,0.575
2693,0.3416666666666667
3060,0.03333333333333333
1597,0.8750000000000001
2729,0.008333333333333333
2625,0.2916666666666667
3157,0.4916666666666667
3314,0.11666666666666667
1722,0.6666666666666667
1059,0.625
3242,0.4416666666666667
1678,0.16666666666666666
1757,0.5833333333333333
4191,0.5666666666666667
563,0.7333333333333334
2790,0.2583333333333333
863,0.6583333333333333
1484,0.725
206,0.35
870,0.058333333333333334
502,0.15
1028,0.275
3840,0.4083333333333333
2690,0.8833333333333333
1570,0.575
2773,0.6666666666666667
2731,0.8416666666666667
804,0.5333333333333333
3645,0.425
2454,0.016666666666666666
3104,0.775
200,0.6583333333333334
3099,0.7416666666666667
2278,0.4916666666666667
3561,0.8166666666666667
391,0.10833333333333334
1495,0.23333333333333334
2695,0.8333333333333333
2027,0.3333333333333333
2568,0.9083333333333333
64,0.925
3884,0.6333333333333333
2062,0.6833333333333333
492,0.8333333333333334
379,0.4666666666666667
3993,0.8916666666666666
1076,0.5916666666666668
878,0.7916666666666666
337,0.41666666666666663
1016,0.03333333333333333
1275,0.9
3798,0.3333333333333333
3342,0.10833333333333334
995,0.4
1981,0.8250000000000001
161,0.47500000000000003
1500,0.6166666666666667
3843,0.5833333333333333
2613,0.65
3461,0.6083333333333334
1021,0.325
3073,0.016666666666666666
3943,0.7333333333333334
1585,0.7833333333333333
1955,0.8166666666666667
3152,0.025
34,0.18333333333333335
4014,0.425
775,0.6916666666666667
2556,0.29166666666666663
1478,0.49166666666666664
1363,0.49166666666666664
2612,0.8416666666666667
2824,0.5083333333333333
2041,0.8583333333333334
241,0.33333333333333337
2061,0.016666666666666666
2363,0.4
600,0.5916666666666667
2435,0.6916666666666667
2888,0.10833333333333334
646,0.7083333333333333
3890,0.6333333333333333
3556,0.8166666666666667
3202,0.625
1528,0.6666666666666667
1267,0.7750000000000001
1899,0.425
3005,0.7916666666666666
2734,0.025
189,0.025
1806,0.8416666666666667
975,0.2583333333333333
2747,0.675
2047,0.30833333333333335
2558,0.125
1082,0.9333333333333333
474,0.19166666666666665
2904,0.25
4117,0.5416666666666667
3385,0.30833333333333335
1184,0.6833333333333332
2433,0.058333333333333334
2391,0.21666666666666667
769,0.18333333333333332
1685,0.05833333333333333
130,0.3583333333333333
2919,0.44999999999999996
3171,0.675
3444,0.8166666666666667
466,0.5
3092,0.7749999999999999
3772,0.65
860,0.6583333333333333
